id_cloud,algorithm,NPini,iter_max,D,F,CR,w,wdamp,c1,c2,Smin,Smax,exponent,sigma_initial,sigma_final,time,it,stop_condition,poserror_1,poserror_2,poserror_3,orierror_1,orierror_2,Orierror_3
,1,100,500,6,0.9,0.75,,,,,,,,,,249.380878210068,50,normal convergence,0.0890984053457764,0.051494254223886,0.00610524053202965,0.641448156455259,1.75102826790438,0.16441233727758
,1,100,500,6,0.9,0.75,,,,,,,,,,168.603604078293,50,normal convergence,4.98207705963783,-4.20138170179492,-0.0593000671675127,2.07075956882052,0.253418892712302,89.6933314659464
,1,100,500,6,0.9,0.75,,,,,,,,,,173.505148410797,50,normal convergence,-0.989383146493899,0.70082043970324,-0.00966041432412379,4.61240168980675,0.625050260182313,4.2413119372386
,1,100,500,6,0.9,0.75,,,,,,,,,,288.593018531799,50,normal convergence,0.0799216578915223,0.079930464909343,0.00839640785784304,0.476362537178604,1.26485885487146,0.10312425689826
,1,100,500,6,0.9,0.75,,,,,,,,,,169.644625425339,50,normal convergence,-0.613393761605033,0.66945503649455,-0.043035523473994,5.07686428778333,3.38139870666769,13.5474806982238
