x,y,z,pitch,yaw,roll
3.369893775408243,2.767037428062861,0.008421805823519101,-0.006347236770517376,-0.005492397333405841,0.00854908967421933
-1.2584129316477926,4.085221737278098,0.008421791286157857,-0.006347878632303001,-0.005492024277614024,0.00946266694863683
-6.652855351350064,3.281215977235915,0.008421795855674784,-0.00634805497311682,-0.00549230879512412,0.010187604923745803
-1.2242569866645767,0.3939979986521437,0.008414006180449081,-0.006395267770627008,-0.0013847849185697398,0.010368427246447522
